,,,,,,,,,,,,,,,,,,,,,,,,,,,,,
\\\\\\\\\\,,,,,,,,,,,,,,,,,,,,,,,,,,,,,
Last updated 8:20 AM. Email numbers and the TLP file are both in.,,,,,,,,,,,,,,,,,,,,,,,,TLP as of 9/29 8:20 AM,,,,,
"Production Log - Week of Sep 27, 2026 to Oct 3, 2026",,,,,,,,,,,,,,,,,,,,,,,,,,,,,
Rep Name,Position,Rep ID,SUN 27,,,MON 28,,,TUE 29,,,WED 30,,,THUR 1,,,FRI 2,,,SAT 3,,,TW Elec,TW Gas,LW Elec,LW Gas,LW2 Elec,LW2 Gas
,,,E,G,P,E,G,P,E,G,P,E,G,P,E,G,P,E,G,P,E,G,P,,,,,,
-- Brennon Hill's Team --,,,,,,,,,,,,,,,,,,,,,,,,5,1,14,2,21,3
Brennon Hill ↓,Leader,CYD1-BXH-8448,0,,,5,1,,,,,,,,,,,,,,,,,5,1,14,2,21,3
-- Chad Macadangdang's Team --,,,,,,,,,,,,,,,,,,,,,,,,24,13,169,71,160,61
Chad Macadangdang ↓,Promoting Leader,CYD1-CXM-9581,0,,,2,2,,,,,,,,,,,,,,,,,2,2,15,11,29,14
Littahari Alred ↓,Leader,CYD1-LXA-1299,0,,,6,2,,,,,,,,,,,,,,,,,6,2,32,10,17,4
Sophia DeGasperis ↓,leader,CYD1-SXD-7892,0,,,4,1,,,,,,,,,,,,,,,,,4,1,20,1,12,3
Alejandro Bataller Mendez ↓,JAM,CYD1-AXB-3703,0,,,0,1,,,,,,,,,,,,,,,,,0,1,13,6,9,3
Ambrose Boni III ↓,JAM,CYD1-AXB-5589,x,,,x,,,,,,,,,,,,,,,,,,0,0,7,2,8,2
Garrett Hendricks ↓,JAM,CYD1-GXH-4478,1,,,2,2,,,,,,,,,,,,,,,,,3,2,20,11,16,4
LUKE GEORGULIS ↓,JAM,CYD1-LXG-5155,0,,,1,,,,,,,,,,,,,,,,,,1,0,10,6,21,8
Nikita Bityutskiy ↓,JAM,CYD1-NXB-8158,1,2,1,5,3,,,,,,,,,,,,,,,,,7,5,32,19,33,18
Wayne Fowlkes ↓,JAM,CYD1-WXF-8470,0,,,1,,,,,,,,,,,,,,,,,,1,0,20,5,15,5
-- Dante Caputo's Team --,,,,,,,,,,,,,,,,,,,,,,,,13,7,105,57,99,38
Dante Caputo ↓,Assistant Manager,CYD1-DAC-6288,0,,,3,2,,,,,,,,,,,,,,,,,3,2,19,11,18,9
Mackenzie Holley ↓,Promoting Leader,CYD1-MXH-1524,0,,,2,2,,,,,,,,,,,,,,,,,2,2,22,10,23,6
Lucas Hoskin ↓,Leader,CYD1-LXH-7314,0,,,3,1,,,,,,,,,,,,,,,,,3,1,26,19,16,11
Nivedita Pamulapati ↓,JAM,CYD1-NXP-1387,0,,,1,,,,,,,,,,,,,,,,,,1,0,22,12,20,7
Zachary Cole ↓,JAM,CYD1-ZXC-7378,0,,,3,2,1,,,,,,,,,,,,,,,,4,2,16,5,22,5
-- Elizabeth Barr's Team --,,,,,,,,,,,,,,,,,,,,,,,,2,1,19,11,16,4
Elizabeth Barr ↓,Leader,CYD1-EXB-3262,0,,,2,1,,,,,,,,,,,,,,,,,2,1,19,11,16,4
-- Jack Prossner's Team --,,,,,,,,,,,,,,,,,,,,,,,,2,0,16,6,18,6
Jack Prossner ↓,Leader,CYD1-JXP-4079,2,,,0,,,,,,,,,,,,,,,,,,2,0,16,6,18,6
-- Julien Dampenon's Team --,,,,,,,,,,,,,,,,,,,,,,,,3,1,18,7,21,11
Julien Dampenon ↓,Leader,CYD1-JXD-2465,0,,,3,1,,,,,,,,,,,,,,,,,3,1,18,7,21,11
-- Maxwell Baker's Team --,,,,,,,,,,,,,,,,,,,,,,,,15,6,165,52,166,68
Maxwell Baker ↓,Promoting Leader,CYD1-MXB-6994,0,,,1,,,,,,,,,,,,,,,,,,1,0,26,6,22,7
Srivardhan Nimmani ↓,Promoting Leader,CYD1-SXN-4185,0,,,3,1,,,,,,,,,,,,,,,,,3,1,14,6,20,12
Chiante Pryor ↓,Leader,CYD1-CXP-6197,0,,,0,,,,,,,,,,,,,,,,,,0,0,20,4,22,9
Adam Aguizoul ↓,JAM,CYD1-AXA-0005,0,,,2,2,,,,,,,,,,,,,,,,,2,2,25,12,15,8
Ashish Kande ↓,JAM,CYD1-AXK-2557,0,,,2,,,,,,,,,,,,,,,,,,2,0,26,5,20,10
Kyle Stelitano ↓,JAM,CYD1-KXS-7067,0,,,1,,,,,,,,,,,,,,,,,,1,0,11,2,24,6
Samantha Tesch ↓,JAM,CYD1-SXT-5002,0,,,3,2,,,,,,,,,,,,,,,,,3,2,22,7,22,6
Suhani Singh ↓,JAM,CYD1-SXS-4574,0,,,3,1,,,,,,,,,,,,,,,,,3,1,21,10,21,10
-- Nicole Sobieralski's Team --,,,,,,,,,,,,,,,,,,,,,,,,4,1,34,10,37,13
Nicole Sobieralski ↓,Promoting Leader,CYD1-NXS-4390,0,,,3,1,,,,,,,,,,,,,,,,,3,1,12,5,16,5
Greeshma Bangera ↓,Leader,CYD1-GXB-9727,0,,,1,,,,,,,,,,,,,,,,,,1,0,22,5,21,8
-- Robert Thomas's Team --,,,,,,,,,,,,,,,,,,,,,,,,5,0,26,5,19,7
Robert Thomas ↓,JAM,CYD1-RXT-5266,0,,,5,,,,,,,,,,,,,,,,,,5,0,26,5,19,7
-- JAM- --,,,,,,,,,,,,,,,,,,,,,,,,1,1,4,3,0,0
Mariia Oliinyk ↓,JAM,CYD1-MXO-7627,0,,,1,1,,,,,,,,,,,,,,,,,1,1,4,3,0,0
-- JAM-Chiante Pryor --,,,,,,,,,,,,,,,,,,,,,,,,0,0,15,2,0,0
sayvon knight ↓,JAM,CYD1-SXK-3782,0,,,0,,,,,,,,,,,,,,,,,,0,0,15,2,0,0
-- JAM-Dante Caputo --,,,,,,,,,,,,,,,,,,,,,,,,1,1,22,16,3,3
Jason Jerard ↓,JAM,CYD1-JXJ-2740,0,,,1,1,,,,,,,,,,,,,,,,,1,1,22,16,3,3
-- JAM-Lucas Hoskin --,,,,,,,,,,,,,,,,,,,,,,,,0,0,7,8,4,0
Cedric Robertson ↓,JAM,CYD1-CXR-8140,0,,,f,,,,,,,,,,,,,,,,,,0,0,7,8,4,0
-- JAM-Maxwell Baker --,,,,,,,,,,,,,,,,,,,,,,,,1,0,10,2,9,2
Luke Bryant ↓,JAM,CYD1-LXB-2822,0,,,1,,,,,,,,,,,,,,,,,,1,0,10,2,9,2
-- JAM-Srivardhan Nimmani --,,,,,,,,,,,,,,,,,,,,,,,,3,1,22,7,22,7
Christian Nestor ↓,JAM,CYD1-CXN-3547,0,,,3,1,,,,,,,,,,,,,,,,,3,1,22,7,22,7
,,,,,,,,,,,,,,,,,,,,,,,,,,,,,
,,,,,,,,,,,,,,,,,,,,,,,,,,,,,
📊 DAILY METRICS,,,,,,,,,,,,,,,,,,,,,,,,,,,,,
Agents Working:,,,3,,,30,,,0,,,0,,,0,,,0,,,0,,,31,,35,,33,
Participation %:,,,8.6%,,,85.7%,,,0.0%,,,0.0%,,,0.0%,,,0.0%,,,0.0%,,,88.6%,,100.0%,,94.3%,
APD:,,,2.33,,,3.5,,,,,,,,,,,,,,,,,,4,,26,,25,
Gas Attach %:,,,50.0%,,,42.5%,,,,,,,,,,,,,,,,,,41.8%,,40.1%,,37.5%,
Total Apps:,,,4,2,1,73,31,1,0,0,0,0,0,0,0,0,0,0,0,0,0,0,0,79,33,646,259,595,223
,,,,,,,,,,,,,,,,,,,,,,,,,,,,,
,,,,,,,,,,,,,,,,,,,,,,,,,,,,,
Rep name colours (based on the week chosen when highlighting was applied),,,,,,,,,,,,,,,,,,,,,,,,,,,,,
,,,25 or more,,20 to 24,,15 to 19,,under 15,,no record for that week,,manually entered code,,,,,,,,,,,,,,,,