																													
\\\\\\\\\\																													
Last updated 8:16 AM. Email numbers and the TLP file are both in.																								TLP as of 10/7 8:16 AM					
Production Log - Week of Oct 4, 2026 to Oct 10, 2026																													
Rep Name	Position	Rep ID	SUN 4			MON 5			TUE 6			WED 7			THUR 8			FRI 9			SAT 10			TW Elec	TW Gas	LW Elec	LW Gas	LW2 Elec	LW2 Gas
			E	G	P	E	G	P	E	G	P	E	G	P	E	G	P	E	G	P	E	G	P						
-- Brennon Hill's Team --																								8	1	20	6	14	2
Brennon Hill ↓	Leader	CYD1-BXH-8448	0			3	1	1	4															8	1	20	6	14	2
-- Chad Macadangdang's Team --																								72	19	135	48	170	71
Chad Macadangdang ↓	Promoting Leader	CYD1-CXM-9581	x			x			0															0	0	6	4	15	11
Littahari Alred ↓	Leader	CYD1-LXA-1299	2			2	2		6	1														10	3	26	8	32	10
Sophia DeGasperis ↑	leader	CYD1-SXD-7892	1			2	1		9															12	1	10	2	20	1
Alejandro Bataller Mendez ↓	JAM	CYD1-AXB-3703	0	1	1	2			2															5	1	7	3	13	6
Ambrose Boni III ↑	JAM	CYD1-AXB-5589	0			3		1	1															5	0	2	0	7	2
Garrett Hendricks ↓	JAM	CYD1-GXH-4478	2			3		1	4	1														10	1	20	7	20	11
LUKE GEORGULIS ↓	JAM	CYD1-LXG-5155	5	2	2	2		1	3	2														13	4	22	9	10	6
Nikita Bityutskiy ↓	JAM	CYD1-NXB-8158	0			2	3	1	7	3														10	6	29	12	32	19
Wayne Fowlkes ↓	JAM	CYD1-WXF-8470	0			3	1		4	2														7	3	13	3	21	5
-- Dante Caputo's Team --																								32	13	78	32	107	57
Dante Caputo ↓	Assistant Manager	CYD1-DAC-6288	0			3	2		3	1														6	3	13	7	19	11
Mackenzie Holley ↓	Promoting Leader	CYD1-MXH-1524	0		2	3			4	3														9	3	16	8	23	10
Lucas Hoskin ↓	Leader	CYD1-LXH-7314	0			3	2	1	3	1														7	3	11	1	26	19
Nivedita Pamulapati ↓	JAM	CYD1-NXP-1387	0			1			2	1														3	1	22	10	23	12
Zachary Cole ↓	JAM	CYD1-ZXC-7378	0			3	1	1	3	2														7	3	16	6	16	5
-- Elizabeth Barr's Team --																								6	3	20	4	19	11
Elizabeth Barr ↓	Leader	CYD1-EXB-3262	0			2		1	3	3														6	3	20	4	19	11
-- Jack Prossner's Team --																								4	0	11	1	16	6
Jack Prossner ↓	Leader	CYD1-JXP-4079	x			x			4															4	0	11	1	16	6
-- Julien Dampenon's Team --																								5	4	20	10	18	8
Julien Dampenon ↓	Leader	CYD1-JXD-2465	0			1	2	2	2	2														5	4	20	10	18	8
-- Maxwell Baker's Team --																								46	11	155	50	166	52
Maxwell Baker ↓	Promoting Leader	CYD1-MXB-6994	0			1	2	1	5	2														7	4	25	7	26	6
Srivardhan Nimmani ↓	Promoting Leader	CYD1-SXN-4185	x			x			0															0	0	6	3	14	6
Chiante Pryor ↓	Leader	CYD1-CXP-6197	0			2			0															2	0	28	9	20	4
Adam Aguizoul ↓	JAM	CYD1-AXA-0005	0			2		2	1	1														5	1	27	12	25	12
Ashish Kande	JAM	CYD1-AXK-2557	0	1	1	7	1		10	3														18	5	23	5	26	5
Kyle Stelitano ↓	JAM	CYD1-KXS-7067	0			1			1															2	0	7	2	11	2
Samantha Tesch ↓	JAM	CYD1-SXT-5002	0			1			4	1														5	1	17	3	22	7
Suhani Singh ↓	JAM	CYD1-SXS-4574	0			3			4															7	0	22	9	22	10
-- Nicole Sobieralski's Team --																								15	4	41	10	34	11
Nicole Sobieralski ↓	Promoting Leader	CYD1-NXS-4390	0			1			3	1														4	1	21	4	12	5
Greeshma Bangera ↓	Leader	CYD1-GXB-9727	0			5	3	2	4															11	3	20	6	22	6
-- Robert Thomas's Team --																								8	5	24	12	26	5
Robert Thomas ↓	JAM	CYD1-RXT-5266	0			1	1	1	6	4														8	5	24	12	26	5
-- JAM-Dante Caputo --																								7	4	18	8	22	16
Jason Jerard ↓	JAM	CYD1-JXJ-2740	0			3	2		4	2														7	4	18	8	22	16
-- JAM-Greeshma Bangera --																								4	4	0	0	0	0
ujwal Madaiah ↑	Jam	CYD1-UXM-7866							4	4														4	4	0	0	0	0
-- JAM-Lucas Hoskin --																								5	3	1	1	0	0
Gavin Kenney ↑	JAM	CYD1-GXK-1634	0			2	2	1	2	1														5	3	1	1	0	0
-- JAM-Nikita Bityutskiy --																								0	0	7	6	4	3
Mariia Oliinyk ↓	JAM	CYD1-MXO-7627	0			x			X			x			x			x						0	0	7	6	4	3
-- JAM-Srivardhan Nimmani --																								4	2	21	7	22	7
Christian Nestor ↓	JAM	CYD1-CXN-3547	0			0			4	2														4	2	21	7	22	7
																													
																													
📊 DAILY METRICS																													
Agents Working:			7			28			30			0			0			0			0			31		33		32	
Participation %:			20.6%			82.4%			88.2%			0.0%			0.0%			0.0%			0.0%			91.2%		97.1%		94.1%	
APD:			2.86			3.93			5.30															9.32		22.61		27.09	
Gas Attach %:			40.0%			38.8%			37.1%															33.8%		35.4%		40.3%	
Total Apps:			10	4	6	67	26	17	116	43	0	0	0	0	0	0	0	0	0	0	0	0	0	216	73	551	195	618	249
																													
																													
Rep name colours (key)																													
			25 or more			20 to 24			15 to 19			under 15			no record for that week			manually entered code											