,,,,,,,,,,,,
,Madhav ,OWNER: KEASEL,,,CITY: PITTSBURGH,,OFFICE: EDMESTON & EVANS INC.,,,,,
,,,,,,,,,,,,
,,,,,,,,,,,,
,,,,,,,,,,,,
DATE:  ,,,"
",,, ,Store Locator,,Store #,,Where to staff,Store Manager
,,,,,,,Walmart- Carnegie,,5040,,Grocery ,Lori
NRG,,,,,NRG,,Walmart- Gibsonia,,,,back of grocery,
 TRAINING,,LEADERS,,,LEADERS,,Walmart-Greensburg,,,,middle of grocery,christopher Glass
Christian,,Niv ,,,Mihir,,Walmart- Connellsville,,,,back of grocery,
Luke B,,Madison,,,Suhani,,Walmart- Mt. Pleasent,,,,Grocery,
Jacob,,Kayla,,,Meghan,,Walmart- Cranberry,,2603,,Electronics,
Eddie,,Daniel,,,Lisa,,Walmart- Hermitage,,1820,,Electronics,
Breanna,,Garrett,,,Kyle,,Walmart- Kittaning,,1883,,Grocery ,Alicia Opel
Sayvon,,Tizlam,,,,,Walmart- Monaca,,3738,,Electronics,Tony Solari  co manager kerry
Cedric,,Christian Hartman,,,,,Walmart- Chippewa ,,,,Grocery,Randy
Julian,,Kayleb,,,,,Walmart- New Castle,,2300,,Electronics/pets,Jon mcpierson
Jason,,Adam,,,,,Walmart- Pittsburgh,,3838,,Electronics,Julian
,,Will V,,,,,Walmart- Tarentum,,5339,,Electronics ,asst Geoffery
,,Chris,,,,,Walmart- West  Brownsville,,,,Grocery,
,,Collin,,,,,Walmart- Moon,,5381,,Electronics,
,,Hank, ,,,,Walmart- washington,,,,Electronics ,store mang. Mark
,,Max,,,,,Walmart- Indiana,,1885,,Grocery,Nadine 
,,Canyon ,,,,,Walmart-Latrobe,,,,Grocery ,
,,CeeCee,,,,,Walmart- Waynesburg,,,,Grocery ,
,,Chiante,,,,,Walmart-Somerset,,,,Meat section,
,,Sri,,,,,Walmart-Uniontown,,,,Electronics ,
,,Gmoney,,,,,Walmart-Blairsville,,,,Electronics,
,,Lucas,,,,,Walmart-Belle Vernon,,,,electronics,
,,MCK ,,,,,Walmart-Delmont,,2193,,Grocery,
,,Dante,,,,,Steubenville,,,,Grocery ,
,,Sophia,,,,,East Liverpool,,,,Grocery,
,,Wayne ,,,,,ERIE ,,,,,
,,Chad,,,,,Titusville,,,,Grocery,
,,Litt,,,,,Warren,,,,Grocery ,
,,Jack,,,,,Corry,,,,Grocery,
,,Brennon,,,,,West Ridge,,,,Grocery,
,,Julien,,,,,Edinboro,,,,Back of Grocery,
,,Liz,,,,,Harborcreek,,,,T in Grocery,
,,Nicole,,,,,Elm Street ,,,,Grocery,
,,Ashish ,,,,,Grove City,,,,Roam ,
,,Rob,,,,,Greenville,,,,N/A,
,,Zach,,,,,Sams Club,,,,,
,,Christian M,,,,,Mt. Nebo,,,,,
,,Luke G,,,,,Tarentum,,,,,
,,Nikita,,,,,Monroeville ,,,,,
,,Alejandro,,,,,West Mifflin ,,,,Back of store by coffee ,
,,Ambrose,,,,,,,,,,
,,Samantha,,,,,,,,,,
,,,,,,,,,,,,
,,,,,,,EVENT:  ,,,,,
,,,,,,,,,,,,
Altoona: ,,Duncansville,,,Altoona Walmart,,,,,,,
,,Ebensburg: ,,,huntingdon,,,,,,,
,,,,,,,,,,,,
Johnstown: ,,Sam's Altoona:,,,,,,,,,,