	September 27			September 28			September 29			September 30			October 1			October 2			October 3			TOTALS			
	Electric	Gas	Partials	Electric	Gas	Partials	Electric	Gas	Partials	Electric	Gas	Partials	Electric	Gas	Partials	Electric	Gas	Partials	Electric	Gas	Partials	ELECTRIC	GAS	Prev. Week	2 Wk Previous
Broome, Keasel										4	1					2			1			7	1	3/0	3/1
																									
Blawas, Isaac							1			1			2	1		0		1	3		1	9	1	1/0	X
Daniels, Christopher	5	3		8	0		1						13	4		6	3					33	10	31/13	21/2
Hart, Meghan				1	1	1	1		2	2		1	8	4	1	1		1				19	5	17/11	5/2
Hartman, Christian				7	1		6			9			2	1		1			5			30	2	25/4	3/1
Green, Karmelo													2	1		0						2	1	X	X
Holloway, Erica							0			0			1	0		1			0			2	0	4/1	2/0
McCoy, Madison							2	1		1			1	0		6			4			14	1	24/3	21/7
NRG	5	3	0	16	2		11	1	2	17	1	1	29	11	1	17	3	2	13	0	1				
Totals 	5	3	5	21	5	21	32	6	34	51	7	52	81	18	82	99	21	101	114	21	115	116	21	108/32	107/22
																									
																									
Bonus's/Notes:				AAA			Costco RS			OFF		PTO		SICK		VT							ShowRunner		
Standards Raised for Bonuses																									
Championship: 																									
Minimum Standards Raised																									
																									
																									
																									
																									
																									
																									
																									
																									
																									
																									
																									
																									
																									
																									
																									
																									
																									
																									
																									
																									
																									
																									
																									
																									
																									
																									
																									
																									
																									
																									
																									
																									
																									
																									
																									
																									
																									
																									
																									
																									
																									
																									
																									
																									
																									
																									
																									
																									
																									
																									
																									
																									
																									
																									
																									
																									
																									
																									
																									
																									
																									
																									
																									
																									
																									
																									
																									
																									
																									
																									
																									
																									
																									
																									
																									
																									
																									
																									
																									
																									
																									
																									
																									
																									
																									
																									
																									
																									
																									
																									
																									
																									
																									
																									
																									
																									
																									
																									
																									
																									
																									
																									
																									
																									
																									
																									
																									
																									
																									
																									
																									
																									
																									
																									
																									
																									
																									
																									
																									
																									
																									
																									
																									
						\																			