																											
|}					 		 																				
Electric																											
																											
	SUN 27			MON 28			TUE 29			WED 30			THUR 1			FRI 2			SAT 3			T Ele	T Gas	LW T El	LW T Gas	LW2 T El	LW2 T Gas
																											
Canyon Tuman (Owner)	x			x			x			x			x			x			x			0	0	23	5	18	9
Daniel Gargollo (PL)	x			4	2	1	10	0	1	4	3	2	4	0		3	2		x			29	7	20	12	21	14
Kayleb Pinchok (PL)	x			5	0		8	0		3	0		5	1		1	0		x			22	1	27	6	26	3
Christian McGowan (L)	x			2	0	1	4	0	1	1	1		4	1		1	0	3	1	3	2	20	5	12	6	16	6
Lisa Divenere (L)	x			1	1		0		1	3	0		3	0	1	x			3	0		12	1	20	6	20	4
																						0	0	0	0	0	0
																						0	0	0	0	0	0
																						0	0	0	0	0	0
JAMs																						0	0	0	0	0	0
																						0	0	0	0	0	0
																						0	0	0	0	0	0
Liam Mount	x			x			x			x			0			0			x			0	0	0	0	1	1
																						0	0	0	0	0	0
																						0	0	0	0	0	0
																						0	0	0	0	0	0
																						0	0	0	0	0	0
																						0	0	0	0	0	0
																						0	0	0	0	0	0
																						0	0	0	0	0	0
																						0	0	0	0	0	0
																						0	0	0	0	0	0
																						0	0	0	0	0	0
																											
																											
																											
Agents Working:	0			4			4			4			5			4			2			23		33		36	
Participation %:	#DIV/0!			50%			75%			75%			80%			25%			#DIV/0!			61%		55%		49%	
APD:	#DIV/0!	#DIV/0!		3.0	0.8		5.5	0.0		2.8	1.0		3.2	0.4		1.3	0.5		2.0	1.5		#DIV/0!	#DIV/0!	#DIV/0!	#DIV/0!	#DIV/0!	#DIV/0!
Gas Attach %:	#DIV/0!			25%			0%			36%			13%			40%			75%			16.87%		35.19%		35.34%	
Total Apps:	0	0	0	12	3	2	22	0	3	11	4	2	16	2	1	5	2	3	4	3	2	83	14	108	38	116	41
																											
																											
																						x					
																											
Staffing Assignments																						Walmart			Sams		
																						Carnegie			Erie		
	SUN			MON			TUE			WED			THUR			FRI			SAT			Connelsville			Tarentum		
	3/12			3/13			3/14			3/15			3/16			3/17			3/18			Cranberry			Monroeville 		
Bonuses																						Gibsonia			West mifflin 		
																						Hermitage			Mt. Nebo		
																						Monaca					
																						Moon					
																						New Castle					
																						Pittsburgh					
																						Tarentum					
													X									Waterworks					
																						Bethel 					
																						washington					
																						Butler					
																						West  Brownsville					
																						Harbor Creek					
																						Meadville					
																						Elm					
																											
																						Edinboro					
																						West Ridge					
																						Clarion					
																						Franklin					
																											
Roll Call																											
																											
	SUN			MON			TUE			WED			THUR			FRI			SAT								
	3/12			3/13			3/14			3/15			3/16			3/17			3/18								
																											
	x			x																							
	x			x																							
	x			x																							
	x																										
	x			x																							
	x																										
	x																										
	x			x																							
																											
	x			x																							
																											
										RECRUITERS 																	
																											
	x																		x								
	x			Paige out vacation															x								
	x																		x								
																											
																											
																											
																											
																											
																											
Tablet Inventory																											