,September 27,,,September 28,,,September 29,,,September 30,,,October 1,,,October 2,,,October 3,,,Totals,,,
Name,Electric,Gas,Partials,Electric,Gas,Partials,Electric,Gas,Partials,Electric,Gas,Partials,Electric,Gas,Partials,Electric,Gas,Partials,Electric,Gas,Partials,Electric,Gas,Prev. Week ,2 Wk Prev.
"Davis, Emily",,,,,,,,,,,,,,,,,,,,,,0,0,,
"Evans, Edward",,,,,,,,,,0,0,,0,0,,,,,,,,0,0,3/2,2/1
"Kinzel, Kayla",3,2,,,,,2,0,,4,0,1,2,2,2,1,,,3,0,,18,4,15/4,23/5
"Vose, William",0,0,,,,,,,,,,,0,0,1,2,,,7,0,,10,0,23/4,18/2
"Wilhelm, Collin",,,,,,,,,,4,2,,2,0,1,2,1,,13,0,,22,3,22/1,17/4
"Wilhelm, Peter",,,,,,,,,,,,,3,1,,,,,,,,3,1,,
Daily Total,3,2,0,0,0,0,2,0,0,8,2,1,7,3,4,5,1,0,23,0,0,53,8,63/11,70/12
Weekly Total,3,2,0,3,2,0,5,2,0,14,4,1,25,7,5,30,8,5,53,8,5,53,8,95/50,90/50
Notes:,September 27,,,September 28,,,September 29,,,September 30,,,October 1,,,October 2,,,October 3,,,,,,